{
    "AAPL": {
        "recent_errors": [
            0.060981102256996815,
            0.06098110225699661,
            0.06098110225699702,
            0.06098110225699702,
            0.06098110225699702,
            0.06098110225699702,
            0.06098110225699702
        ],
        "total": 7
    },
    "TSLA": {
        "recent_errors": [
            0.0862491754386231,
            0.08624917543862323,
            0.08624917543862323,
            0.08624917543862323,
            0.08624917543862323,
            0.0862491754386231,
            0.0862491754386231
        ],
        "total": 7
    },
    "NVDA": {
        "recent_errors": [
            0.06325855187630205,
            0.06325855187630205,
            0.06325855187630205,
            0.06325855187630205,
            0.06325855187630205,
            0.06325855187630205,
            0.06325855187630205
        ],
        "total": 7
    },
    "MSFT": {
        "recent_errors": [
            0.013844803355275884,
            0.013844803355275997,
            0.013844803355275772,
            0.013844803355275884,
            0.013844803355275997,
            0.013844803355275997,
            0.013844803355275884
        ],
        "total": 7
    },
    "GOOGL": {
        "recent_errors": [
            0.2216367099792081,
            0.2216367099792081,
            0.2216367099792081,
            0.2216367099792081,
            0.2216367099792081,
            0.2216367099792081,
            0.2216367099792081
        ],
        "total": 7
    },
    "PLTR": {
        "recent_errors": [
            0.05309177701731792,
            0.05309177701731792,
            0.053091777017317585,
            0.05309177701731792,
            0.05309177701731775,
            0.05309177701731792,
            0.05309177701731792
        ],
        "total": 7
    },
    "MSTR": {
        "recent_errors": [
            0.15987155170855777,
            0.15987155170855777,
            0.15987155170855777,
            0.15987155170855763,
            0.15987155170855763,
            0.15987155170855777,
            0.15987155170855777
        ],
        "total": 7
    },
    "COIN": {
        "recent_errors": [
            0.08209796325976655,
            0.08209796325976636,
            0.08209796325976636,
            0.08209796325976636,
            0.08209796325976636,
            0.08209796325976636,
            0.08209796325976636
        ],
        "total": 7
    },
    "ZC=F": {
        "recent_errors": [
            0.020706077520063804,
            0.020151236770783256,
            0.020706077520063804,
            0.020706077520063804,
            0.021260290266232416,
            0.020706077520063804,
            0.021260290266232416
        ],
        "total": 7
    },
    "GC=F": {
        "recent_errors": [
            0.16446520183851687,
            0.16406578750840226,
            0.1638659371087836,
            0.16282523142507724,
            0.16210316364304125,
            0.16200278065078572,
            0.16045380024777645
        ],
        "total": 7
    },
    "KC=F": {
        "recent_errors": [
            0.013877576384825023,
            0.013877576384825166,
            0.013877576384825166,
            0.08789113264159222,
            0.0800646305531589,
            0.08222735515418765,
            0.03312918658467606
        ],
        "total": 7
    },
    "CL=F": {
        "recent_errors": [
            0.00039877836468137025,
            0.0017460833441382455,
            0.0012404269498687576,
            0.0009035847864792105,
            0.003287803705963621,
            0.00611792315407342,
            0.012058453736862368
        ],
        "total": 7
    },
    "SPY": {
        "recent_errors": [
            0.03885640089869302,
            0.03885640089869302,
            0.03885640089869302,
            0.03885640089869302,
            0.03885640089869302,
            0.038856400898693196,
            0.03885640089869302
        ],
        "total": 7
    },
    "ZW=F": {
        "recent_errors": [
            0.005004855643682862,
            0.030575064493236548,
            0.029700132240974127,
            0.00315970933982321,
            0.030575064493236753,
            0.0045442097435179005,
            0.005650061964451935
        ],
        "total": 7
    }
}