{
    "AAPL": 273.99,
    "TSLA": 431.63,
    "NVDA": 193.47,
    "MSFT": 511.2,
    "GOOGL": 287.85,
    "PLTR": 184.35,
    "MSTR": 228.5,
    "COIN": 308.83,
    "ZC=F": 440.75,
    "GC=F": 4206.2998046875,
    "CL=F": 59.56999969482422,
    "SPY": 683.0,
    "ZW=F": 539.25,
    "KC=F": 400.20001220703125
}