{"trained_date": "2025-11-15T10:00:37.179143", "training_samples": 444, "training_volatility": 0.01945615454842018, "version": 3, "retrain_count": 1, "last_accuracy": 0.0}