{"trained_date": "2025-11-15T10:01:57.537229", "training_samples": 442, "training_volatility": 0.03990664935186615, "version": 4, "retrain_count": 1, "last_accuracy": 0.0}