{"trained_date": "2025-11-15T13:44:10.703351", "training_samples": 443, "training_volatility": 0.016763664423936155, "version": 7, "retrain_count": 4, "last_accuracy": 0.0}